parent,nom,lien,type,descriptionFr,sourceDescriptionFr,lienDescriptionFr,descriptionEn,sourceDescriptionEn,lienDescriptionEn,prix,licence,plateformes,SimilaireA,BaséEn
,Outils et pratiques Privacy par LINC,,,,,,,,,,,,,
Outils et pratiques Privacy par LINC,S'équiper,,titre,,,,,,,,,,,
S'équiper,Choisir son smartphone,,titre,"Caractéristiques ou fonctionnalités mises en avant : supporter le démarrage vérifié, changer l’OS",,,,,,,,,,
Choisir son smartphone,Vérifier la date de fin des mises à jour de sécurité,,pratique,"Les appareils reçoivent des mises à jour de sécurité fréquentes pour une durée limitée, au-delà il n’est plus recommandé de les utiliser car  ils deviennent potentiellement vulnérables aux failles plus récentes. Il est possible de connaître cette date avant ou après un achat pour prévoir la « durée de vie » de l’appareil.",,,,,,,,,,
Choisir son smartphone,endoflife.date,https://endoflife.date/,outil,"« endoflife.date est un projet géré par la communauté pour documenter les dates de fin de vie, et garanties de divers produits. »","(endoflife.date, traduit)",https://endoflife.date/,,,,Gratuit,Libre,Navigateur,,
Choisir son smartphone,Pixel dégooglisé,https://store.google.com/category/phones?hl=fr,outil,« Google Pixel est une gamme d'appareils électroniques grand public fabriquée et commercialisée par Google depuis septembre 2015. » Les Pixel phones sont réputés plus sécurisés que leurs concurrents et supportent le démarrage vérifié. Il est nécessaire d’utiliser une version dérivée d’Android pour sortir du pistage intrusif de Google.,(Wikipedia),https://fr.wikipedia.org/wiki/Google_Pixel,,,,Payant,Propriétaire,,,
S'équiper,Choisir son ordinateur,,titre,,,,,,,,,,,
Choisir son ordinateur,Regarder la date d’arrêt des mises à jour de sécurité de l’OS et du fournisseur,,pratique,,,,,,,,,,,
Choisir son ordinateur,endoflife.date,https://endoflife.date/,outil,"« endoflife.date est un projet géré par la communauté pour documenter les dates de fin de vie, et garanties de divers produits. »","(endoflife.date, traduit)",https://endoflife.date/,,,,Gratuit,Libre,Navigateur,,
S'équiper,Choisir son OS,,titre,"Caractéristiques ou fonctionnalités mises en avant : protection accru de l’intégrité du système, compartimenter / cloisonner les usages, gérer les permissions des applications, services Google Play confinés",,,,,,,,,,
Choisir son OS,CalyxOS,https://calyxos.org/,outil,« CalyxOS est un système d'exploitation pour smartphones basé sur Android avec des logiciels majoritairement gratuits et open-source. Il est produit par l'Institut Calyx dans le cadre de sa mission visant à rendre la protection de la vie privée plus accessible et plus facile à utiliser. »,"(Wikipedia, traduit)",https://en.wikipedia.org/wiki/CalyxOS,« CalyxOS is an operating system for smartphones based on Android with mostly free and open-source software. It is produced by the Calyx Institute as part of its mission to make privacy more accessible and easier to use. »,,,Gratuit,Propriétaire,Android,OS natif,
Choisir son OS,GrapheneOS,https://grapheneos.org/,outil,"« GrapheneOS est un système d'exploitation mobile basé sur Android, renforcé sur le plan de la sécurité, axé sur la vie privée, essentiellement libre et open-source, pour une sélection de smartphones. Il est axé sur la confidentialité et la sécurité, et est compatible avec plusieurs smartphones Google Pixel. »",(Wikipedia),https://en.wikipedia.org/wiki/GrapheneOS,"« GrapheneOS is an Android-based, security-hardened, privacy focused, mostly free and open-source, mobile operating system for selected smartphones. It is focused on privacy and security, and is compatible with several Google Pixel smartphones. »",,,Gratuit,Libre,Android,OS natif,
Choisir son OS,Tails,https://tails.boum.org/,outil,« Tails ou The Amnesic Incognito Live System est une distribution GNU/Linux axée sur la sécurité fondée sur Debian qui a pour but de préserver vie privée et anonymat. Le système est conçu pour ne pas laisser de trace numérique sur la machine à moins qu'il soit explicitement autorisé à le faire. »,(Wikipedia),https://fr.wikipedia.org/wiki/Tails_(syst%C3%A8me_d%27exploitation),,(Wikipedia),https://en.wikipedia.org/wiki/Tails_(operating_system),Gratuit,Libre,"Windows, macOS","Windows, macOS",
Choisir son OS,ReactOS,https://reactos.org/,outil,« ReactOS est un projet de système d'exploitation libre en développement se voulant compatible avec les programmes et pilotes Microsoft Windows. »,(Wikipedia),https://fr.wikipedia.org/wiki/ReactOS,« ReactOS is a free and open-source operating system for amd64/i686 personal computers intended to be binary-compatible with computer programs and device drivers made for Windows Server 2003 and later versions of Windows. « ,(Wikipedia),https://en.wikipedia.org/wiki/ReactOS,Gratuit,Libre,Windows,Windows,
S'équiper,Recharger son smartphone,,titre,Caractéristiques ou fonctionnalités mises en avant :  différencier la charge et le transfert de données.,,,,,,,,,,
Recharger son smartphone,Cable USB sans data,,outil,"Un câble USB classique comporte deux paires de fils : une servant à faire passer le courant, l’autre les données. Un câble sans data permet uniquement de recharger, même sur des ports peu sûrs.",,,,,,,,,,
S'équiper,Installer des applications,,titre,,,,,,,,,,,
Installer des applications,Désinstaller ses applis non utilisées et supprimer ses comptes,,pratique,,,,,,,,,,,
Installer des applications,AuroraOSS,https://auroraoss.com/,outil,"« Aurora Store est une interface cliente alternative open-source au Play Store de Google, pensée pour la confidentialité et avec un design moderne. Non seulement Aurora Store télécharge, met à jour et recherche des applications comme le Play Store, mais il offre également à l'utilisateur une variété de fonctionnalités utiles. »","(AuroraOSS Docs, traduit)",https://auroraoss.gitbook.io/docs/our-apps/aurora-store,"« Aurora Store is an open-source alternative Google Play Store frontend client with privacy and modern design in mind. Not only does Aurora Store download, update, and search for apps like the Play Store, it also empowers the user with a handful of useful features. »",(AuroraOSS Docs),https://auroraoss.gitbook.io/docs/our-apps/aurora-store,Gratuit,Libre,Android,Google Play Store,
Installer des applications,F-Droid,https://f-droid.org/fr/,outil,"« F-Droid (Android FLOSS repository) est un magasin d'applications libres pour les systèmes d’exploitation Android et dérivés, comme Replicant sur lequel il est installé par défaut. »",(Wikipedia),https://fr.wikipedia.org/wiki/F-Droid,"« F-Droid is an app store and software repository for Android, serving a similar function to the Google Play store. The main repository, hosted by the project, contains only free and open source apps. Applications can be browsed, downloaded and installed from the F-Droid website or client app without the need to register for an account. ""Anti-Features"" such as advertising, user tracking, or dependence on non-free software are flagged in app descriptions. »",(Wikipedia),https://en.wikipedia.org/wiki/F-Droid,Gratuit,Libre,Android,Google Play Store,
Outils et pratiques Privacy par LINC,Naviguer,,titre,,,,,,,,,,,
Naviguer,Choisir son VPN,,titre,,,,,,,,,,,
Choisir son VPN,Estimer son besoin d’avoir un VPN,,pratique,Un VPN n’est pas utile dans certaines situations aussi il est necessaire de savoir contre quoi on se protège avnt d’en choisir un. Voir ivpn.net et privacyguides.org pour l’explication à remettre ici,,,,(Wikipedia),,,,,,
Choisir son VPN,Proton VPN,https://protonvpn.com/,outil,"« ProtonVPN est un fournisseur de services de réseau privé virtuel (VPN) développé par la société suisse Proton Technologies AG, la société qui édite également le service de messagerie ProtonMail. »",(Wikipedia),https://fr.wikipedia.org/wiki/ProtonVPN,"« Proton VPN is a VPN service operated by the Swiss company Proton AG, the company behind the email service Proton Mail. »",,https://en.wikipedia.org/wiki/Proton_VPN,Freemium,Propriétaire,"GNU/Linux, Windows, macOS, Android, iOS, iPadOS",,
Naviguer,Choisir son navigateur,,titre,"Caractéristiques ou fonctionnalités mises en avant : permettre la navigation privée (ne pas laisser d'historique ou cookies), bloquer les traqueurs (cookies), bloquer les publicités, anonymiser la navigation, chiffrer la navigation, traiter les données en local.",,,,,,,,,,
Choisir son navigateur,Firefox,https://www.mozilla.org/fr/firefox/browsers/,outil,"« Mozilla Firefox est un navigateur web libre et gratuit disponible pour PC (Windows, macOS, Linux, BSD, etc.) et mobiles (Android, iOS), développé et distribué par la Mozilla Foundation depuis 2003, avec l'aide de milliers de bénévoles. »",(Wikipedia),https://fr.wikipedia.org/wiki/Mozilla_Firefox,"« Mozilla Firefox, or simply Firefox, is a free and open-source web browser developed by the Mozilla Foundation and its subsidiary, the Mozilla Corporation. »",(Wikipedia),https://en.wikipedia.org/wiki/Firefox,Gratuit,Libre,"GNU/linux, Windows, macOS, Android, iOS","Chrome, Safari, Opera, Navigateur natif",USA
Choisir son navigateur,Chromium,http://www.chromium.org/Home,outil,« Chromium est un navigateur web libre développé par l’organisation Chromium Project créée par Google en 2008. Chromium sert de base à plusieurs autres navigateurs. »,(Wikipedia),https://fr.wikipedia.org/wiki/Chromium,,,,Gratuit,Libre,"GNU/linux, Windows, macOS, Android","Chrome, Safari, Opera, Navigateur natif",
Choisir son navigateur,Tor Browser,https://www.torproject.org/,outil,« Le Tor Browser est un navigateur web libre basé sur Mozilla Firefox ESR qui permet de naviguer anonymement sur le réseau d'anonymisation Tor. Il est développé par l’organisation The Tor Project. »,(Wikipedia),https://fr.wikipedia.org/wiki/Tor_Browser,,,,Gratuit,Libre,"GNU/linux, Windows, macOS, Android","Chrome, Safari, Opera, Navigateur natif",
Choisir son navigateur,Orfox,https://guardianproject.info/apps/info.guardianproject.orfox/,outil,« un équivalent mobile du navigateur Tor. The Guardian Project a annoncé la version alpha stable d'Orfox le 30 juin 2015. »,(Wikipedia),https://fr.wikipedia.org/wiki/Guardian_Project,,,,Gratuit,Libre,Android,"Chrome, Safari, Opera, Navigateur natif",
Choisir son navigateur,Onion Browser,https://onionbrowser.com/,outil,"« Onion Browser est un navigateur web open-source pour iOS, qui améliore la confidentialité et utilise Tor.  Il est disponible dans l'App Store iOS, et le code source est disponible sur GitHub. »","(Wikipedia, traduit)",https://en.wikipedia.org/wiki/Tor_(network),"« Onion Browser  is an open-source, privacy-enhancing web browser for iOS, which uses Tor.  It is available in the iOS App Store,  and source code is available on GitHub. »",(Wikipedia),https://en.wikipedia.org/wiki/Tor_(network),Gratuit,Libre,iOS,"Chrome, Safari, Opera, Navigateur natif",
Choisir son navigateur,Firefox Focus,https://www.mozilla.org/fr/firefox/browsers/mobile/focus/,outil,"« Firefox Focus est un navigateur web mobile libre et gratuit, dérivé de Firefox développé par Mozilla Foundation depuis 2016. Disponible sous iOS et Android, il vise à préserver la vie privée de ses utilisateurs en limitant l'accès à leurs données personnelles et en limitant le pistage de la navigation par des traqueurs extérieurs. »",(Wikipedia),https://fr.wikipedia.org/wiki/Firefox_Focus,"« Firefox Focus is a free and open-source privacy-focused mobile browser from Mozilla, available for Android and iOS smartphones and tablets. »",(Wikipedia),https://en.wikipedia.org/wiki/Firefox_Focus,Gratuit,Libre,"Android, iOS","Chrome, Safari, Opera, Navigateur natif",
Choisir son navigateur,Brave,https://brave.com/fr/,outil,"« Brave (prononcé en anglais : [bɹeɪv]) est un navigateur web open source gratuit disponible sur Windows, macOS et Linux ainsi que sur iOS et Android. Il a pour objectif de protéger la vie privée de ses utilisateurs en bloquant par défaut les pisteurs et en permettant la navigation via le réseau Tor. »",(Wikipedia),https://fr.wikipedia.org/wiki/Brave_(navigateur_web),,,,Gratuit,Libre,,"Chrome, Safari, Opera, Navigateur natif",
Choisir son navigateur,Iridium Browser,https://iridiumbrowser.de/,outil,"« Iridium Browser est basé sur la base de code Chromium. Toutes les modifications renforcent la confidentialité de l'utilisateur et garantissent l'utilisation des dernières et meilleures technologies sécurisées. La transmission automatique de requêtes partielles, de mots-clés et de métriques aux services centraux est empêchée et ne se produit qu'avec l'approbation de l'utilisateur. »","(Iridium Browser website, traduit)",https://iridiumbrowser.de/about,"« Iridium Browser is based on the Chromium code base. All modifications enhance the privacy of the user and make sure that the latest and best secure technologies are used. Automatic transmission of partial queries, keywords and metrics to central services is prevented and only occurs with the approval of the user. »",(Iridium Browser website),https://iridiumbrowser.de/about,,,,,
Naviguer,Chercher,,titre,"Caractéristiques ou fonctionnalités mises en avant : pas de collectes de données, pas d'historique des recherches, pas de liens mouchards sur les URL de résultats, pas de publicités basées sur les profils et historiques",,,,,,,,,,
Chercher,Utiliser la navigation privée,,pratique,,,,,,,,,,,
Chercher,Naviguer sans s'authentifier,,pratique,,,,,,,,,,,
Chercher,Ne pas synchroniser ses sessions / favoris,,pratique,,,,,,,,,,,
Chercher,Configurer son navigateur en mode strict,,pratique,,,,,,,,,,,
Chercher,Ne pas entrer de données personnelles sur un site en http,,pratique,,,,,,,,,,,
Chercher,Ne pas utiliser wifi et les ordinateur de son entreprise pour des recherches persos ,,pratique,Jsp à quel point c'est vrai que ça peut etre problématique mais EFF en parlait au moins pour les USA,,,,,,,,,,
Chercher,Qwant,https://www.qwant.com/,outil,,,,,,,Gratuit,Propriétaire,"Android, iOS, Navigateur","Google, Bing, Yahoo!, ",
Chercher,Duck Duck Go,https://duckduckgo.com/,outil,,,,,,,Gratuit,Propriétaire,"Android, iOS, Navigateur","Google, Bing, Yahoo!, ",
Chercher,StartPage,https://www.startpage.com/,outil,,,,,,,,,,,
Naviguer,Réguler les traqueurs,,titre,"Caractéristiques ou fonctionnalités mises en avant : monitorer l'installation de traqueurs, contrôler l'installation de traqueurs, interdire l'installation de traqueurs",,,,,,,,,,
Réguler les traqueurs,Effacer ses cookies,,pratique,,,,,,,,,,,
Réguler les traqueurs,Kimetrack,https://www.nextinpact.com/news/105881-kimetrak-quels-sites-multiplient-services-pistage.htm,outil,,,,,,,,,,,
Réguler les traqueurs,Disconnect,https://disconnect.me/,outil,,,,,,,,,,,
Réguler les traqueurs,Privacy Badger,https://www.eff.org/privacybadger,outil,,,,,,,,,,Ghostery,
Réguler les traqueurs,Noscript,https://noscript.net/,outil,,,,,,,,,,,
Réguler les traqueurs,Do Not Track,http://donottrack.us/,outil,,,,,,,,,,,
Réguler les traqueurs,uBlock Origin,https://ublockorigin.com/fr,outil,,,,,,,,,,,
Réguler les traqueurs,Little Snitch,https://www.obdev.at/products/littlesnitch/index.html,outil,,,,,,,,,,,
Réguler les traqueurs,Facebook Container,https://addons.mozilla.org/fr/firefox/addon/facebook-container/,outil,Préviens de la présence et bloque les trackers de Facebook sur les sites visités,,,,,,,,,,
Naviguer,Optimiser son navigateur,,titre,"Caractéristiques ou fonctionnalités mises en avant : envoyer de fausses informations aux collecteurs de données, donner une fausse localisation, sécuriser la connection",,,,,,,,,,
Optimiser son navigateur,Disconnect,https://disconnect.me/,outil,,,,,,,,,,,
Optimiser son navigateur,HTTPS Everywhere,https://www.eff.org/https-everywhere,outil,,,,,,,Gratuit,,,,
Optimiser son navigateur,Track Me Not,http://trackmenot.io/,outil,,,,,,,,,,,
Outils et pratiques Privacy par LINC,Communiquer,,titre,,,,,,,,,,,
Communiquer,Échanger par messagerie instantanée,,titre,"Caractéristiques ou fonctionnalités mises en avant :- chiffrement des communications, chiffrement de bout en bout, effacement des données à la fermeture de l'application",,,,,,,,,,
Échanger par messagerie instantanée,Signal,https://signal.org/,outil,,,,,,,Gratuit,,,"Messenger, Whatsapp, SMS, Discord, Telegram, Instagram, Snapchat, Messages (Google), iMessage",USA
Échanger par messagerie instantanée,Skred,https://skred.mobi/fr/home/,outil,,,,,,,,,,"Messenger, Whatsapp, SMS, Discord, Telegram, Instagram, Snapchat, Messages (Google), iMessage",
Échanger par messagerie instantanée,Silence,https://silence.im/,outil,,,,,,,,,,"Messenger, Whatsapp, SMS, Discord, Telegram, Instagram, Snapchat, Messages (Google), iMessage",
Échanger par messagerie instantanée,Briar,https://briarproject.org/,outil,,,,,,,,,,"Messenger, Whatsapp, SMS, Discord, Telegram, Instagram, Snapchat, Messages (Google), iMessage",
Échanger par messagerie instantanée,Threema,https://threema.ch/en/,outil,,,,,,,Payant,,,"Messenger, Whatsapp, SMS, Discord, Telegram, Instagram, Snapchat, Messages (Google), iMessage",
Échanger par messagerie instantanée,Cryptalk,https://www.crypttalk.com/,outil,,,,,,,,,,"Messenger, Whatsapp, SMS, Discord, Telegram, Instagram, Snapchat, Messages (Google), iMessage",
Échanger par messagerie instantanée,Facetts,http://www.facetts.com/,outil,,,,,,,,,,"Messenger, Whatsapp, SMS, Discord, Telegram, Instagram, Snapchat, Messages (Google), iMessage",
Échanger par messagerie instantanée,Rocket chat,,outil,,,,,,,,,,,
Échanger par messagerie instantanée,Element,https://element.io/,outil,Messagerie instantanée basée sur le réseau décentralisé Matrix,,,,,,,,,Discord,
Échanger par messagerie instantanée,Discourse,https://www.discourse.org/,outil,,,,,,,,,,,
Communiquer,Échanger par sms,,titre,,,,,,,,,,,
Échanger par sms,QKSMS,https://github.com/moezbhatti/qksms,outil,,,,,,,Gratuit,Libre,,,
Communiquer,Échanger par mails,,titre,"Caractéristiques ou fonctionnalités mises en avant : chiffrement des messages de bout en bout, ne pas donner accès à ses mails (pour du ciblage publicitaire)",,,,,,,,,,
Échanger par mails,"Utiliser différentes adresses mail en fonction de ses activités : personnelles, professionnelles, associatives…",,pratique,,,,,,,,,,,
Échanger par mails,Proton Mail,https://protonmail.com/,outil,,,,,,,Freemium,Propriétaire,"Android, iOS, Client mail","Gmail, Outlook, Yahoo! Mail, Orange, SFR",Suisse
Échanger par mails,HushMail,https://www.hushmail.com/,outil,,,,,,,,,,"Gmail, Outlook, Yahoo! Mail, Orange, SFR",
Échanger par mails,Thunderbird,https://www.thunderbird.net/fr/,outil,Client de messagerie mail,,,,,,,,,"Gmail, Mail (Apple), Outlook, Courrier Windows",
Échanger par mails,K-9 Mail,https://k9mail.app/,outil,Client email pour Android,,,,,,Gratuit,Libre,,"Gmail, Mail (Apple), Outlook, Courrier Windows",
Échanger par mails,FairEmail,https://email.faircode.eu/,outil,Client mail avec possibilité de chiffrement (a verifier),,,,,,,,,"Gmail, Mail (Apple), Outlook, Courrier Windows",
Échanger par mails,Roundcube,https://roundcube.net/,outil,Client email web,,,,,,,,,"Gmail, Mail (Apple), Outlook, Courrier Windows",
Communiquer,Partager un fichier,,titre,"Caractéristiques ou fonctionnalités mises en avant : chiffrer l'envoi de document, définir la durée de conservation en ligne du fichier",,,,,,,,,,
Partager un fichier,FileZilla,https://filezilla-project.org/,outil,Client FTP,,,,,,Gratuit,Libre,"GNU/Linux, Windows, macOS",,
Communiquer,Utiliser les réseaux sociaux,,titre,"Caractéristiques ou fonctionnalités mises en avant : ne collecte pas de données à des fins publicitaires, ne centralise pas les données (réseau décentralisé), ne force pas à l'utilisation des noms réels, ne vend pas de données à des tiers, n'affiche pas de publicité",,,,,,,,,,
Utiliser les réseaux sociaux,Attention aux informations diffusées en ligne,,pratique,Il est facile d'entrecouper des informations en ligne pour trouver d'autres informations plus personnelles,,,,,,,,,,
Utiliser les réseaux sociaux,Diaspora,https://diasporafoundation.org/,outil,,,,,,,,,,,
Utiliser les réseaux sociaux,GNU Social,https://gnu.io/social/,outil,,,,,,,,,,,
Utiliser les réseaux sociaux,Friendica,http://friendi.ca/,outil,,,,,,,,,,,
Utiliser les réseaux sociaux,Mastodon,https://joinmastodon.org/,outil,,,,,,,Gratuit,,,"Twitter, Instagram",
Utiliser les réseaux sociaux,PeerTube,https://joinpeertube.org/,outil,Plateforme de vidéo Libre et décentralisée,,,,,,,,,Youtube,
Communiquer,"Créer des alias (mail, téléphone)",,titre,"Caractéristiques ou fonctionnalités mises en avant : créer des adresses jetables, créer des numéro de téléphone jetables",,,,,,,,,,
"Créer des alias (mail, téléphone)",Privowny,https://privowny.app/fr/,outil,,,,,,,,,,,
"Créer des alias (mail, téléphone)",Numbber,http://www.numbber.net/,outil,,,,,,,,,,,
Communiquer,Chiffrer ses communications,,titre,Caractéristiques ou fonctionnalités mises en avant : chiffrer et signer ses messages,,,,,,,,,,
Chiffrer ses communications,GNUPG,https://gnupg.org/,outil,,,,,,,,,,,
Chiffrer ses communications,OpenPGP,https://www.openpgp.org/,outil,,,,,,,,,,,
Chiffrer ses communications,OpenKeychain: Easy PGP ,https://f-droid.org/en/packages/org.sufficientlysecure.keychain/,outil,Chiffrement sur mobile ?,,,,,,,,,,
Outils et pratiques Privacy par LINC,Stocker,,titre,,,,,,,,,,,
Stocker,Stocker dans le cloud,,titre,"Caractéristiques ou fonctionnalités mises en avant : chiffrer les données stockées, ne pas lire vos données, ne pas partager de données avec des acteurs tiers",,,,,,,,,,
Stocker dans le cloud,Sync,https://www.sync.com/,outil,,,,,,,,,,"Google Drive, SharePoint, iCloud",
Stocker dans le cloud,CozyCloud,https://cozy.io/fr/,outil,,,,,,,,,,"Google Drive, SharePoint, iCloud",
Stocker dans le cloud,OwnCloud,https://owncloud.org/,outil,,,,,,,,,,"Google Drive, SharePoint, iCloud",
Stocker dans le cloud,Nextcloud,https://nextcloud.com/,outil,,,,,,,,,,"Google Drive, SharePoint, iCloud",
Stocker,Stocker chez soi,,titre,"Caractéristiques ou fonctionnalités mises en avant : garder le contrôle sur ses données, gérer les droits d'accès de tiers à vos données, chiffrer vos données, protéger par mot de passe",,,,,,,,,,
Stocker chez soi,Lima,https://meetlima.com/,outil,,,,,,,,,,"Google Drive, SharePoint, iCloud",
Stocker chez soi,Serveur NAS,,outil,,,,,,,,,,"Google Drive, SharePoint, iCloud",
Stocker chez soi,Disque dur externe,,outil,,,,,,,,,,"Google Drive, SharePoint, iCloud",
Stocker chez soi,Clé USB protégée par un mot de passe,,outil,,,,,,,,,,"Google Drive, SharePoint, iCloud",
Stocker,Archiver et trier,,titre,"Caractéristiques ou fonctionnalités mises en avant : compresser et chiffrer ses fichiers pour archivage, voir l’arborescence de dossiers en local",,,,,,,,,,
Archiver et trier,7-Zip,http://www.7-zip.org/,outil,,,,,,,Gratuit,Libre,Windows,,
Archiver et trier,Archifiltre,https://archifiltre.fabrique.social.gouv.fr/,outil,Visualisation d'arborescence de fichiers,,,,,,,,,,
Archiver et trier,FreeFileSync,https://freefilesync.org/,outil,Comparaison et synchronisation de dossiers,,,,,,,,,,
Stocker,Chiffrer,,titre,Caractéristiques ou fonctionnalités mises en avant : chiffrer ses données,,,,,,,,,,
Chiffrer,Veracrypt,http://www.7-zip.org/,outil,,,,,,,,,,,
Chiffrer,AxCrypt,https://www.axcrypt.net/,outil,,,,,,,,,,,
Chiffrer,Cryhod,https://www.primx.eu/en/cryhod.aspx,outil,,,,,,,,,,,
Chiffrer,Chiffrer sa carte sd et son ordinateur,,pratique,,,,,,,,,,,
Outils et pratiques Privacy par LINC,Verrouiller,,titre,,,,,,,,,,,
Verrouiller,Gérer ses mots de passe,,titre,"Caractéristiques ou fonctionnalités mises en avant : constituer une base sécurisée de mot de passe, chiffrer la base de mot de passe, proposer un mot de passe maître, accéder depuis desktop et smartphone",,,,,,,,,,
Gérer ses mots de passe,Ajouter un code pin ou mot de passe à son téléphone et ordinateur,,pratique,Evite que n'importe qui l'ouvre notamment en cas de vol,,,,,,,,,,
Gérer ses mots de passe,Se déconnecter de ses comptes et sessions sur un ordinateur partagé ou accessible,,pratique,,,,,,,,,,,
Gérer ses mots de passe,Utiliser un gestionnaire de mots de passe,,pratique,,,,,,,,,,,
Gérer ses mots de passe,Changer ses mots de passe par défaut,,pratique,,,,,,,,,,,
Gérer ses mots de passe,Ne jamais avoir le même mot de passe ou le décliner,,pratique,,,,,,,,,,,
Gérer ses mots de passe,Eviter certains termes dans les mots de passe,,pratique,"Un mot de passe ne doit pas contenir des éléments ayant rapport avec vous comme votre nom, celui de proches, votre date de naissance, le nom de votre chien. Il en va de même pour des mots comme ""password"" ""mdp"" etc.",,,,,,,,,,
Gérer ses mots de passe,Changer son mot de passe en cas de leak / doute,,pratique,,,,,,,,,,,
Gérer ses mots de passe,Mac Pass,https://macpassapp.org/,outil,,,,,,,Gratuit,Libre,macOS,"LastPass, Dashlane, 1Password, Passwords (Google)",
Gérer ses mots de passe,Keepass,http://keepass.info/,outil,,,,,,,Gratuit,,,"LastPass, Dashlane, 1Password, Google Password Manager, Edge Password Manager",
Gérer ses mots de passe,DashLane,https://www.dashlane.com/,outil,,,,,,,,,,"LastPass, Dashlane, 1Password, Google Password Manager, Edge Password Manager",
Gérer ses mots de passe,Blur,https://www.abine.com/,outil,,,,,,,,,,"LastPass, Dashlane, 1Password, Google Password Manager, Edge Password Manager",
Gérer ses mots de passe,Zeny Pass,https://zenyway.com/password-manager/home/en/index.html,outil,,,,,,,,,,"LastPass, Dashlane, 1Password, Google Password Manager, Edge Password Manager",
Gérer ses mots de passe,KeePassXC,https://keepassxc.org/,outil,,,,,,,,,,"LastPass, Dashlane, 1Password, Google Password Manager, Edge Password Manager",
Gérer ses mots de passe,LessPass,https://www.lesspass.com/#/,outil,,,,,,,,,,"LastPass, Dashlane, 1Password, Google Password Manager, Edge Password Manager",
Verrouiller,Utiliser l’authentification à deux facteurs (2FA),,titre,"Caractéristiques ou fonctionnalités mises en avant : créer une double authentification (par deux mots de passe), créer des mots de passe à la volée et à usage unique, exporter facilement la base de donnée",,,,,,,,,,
Utiliser l’authentification à deux facteurs (2FA),Activer l'authentification à double facteurs (2FA) dans les applications,,pratique,,,,,,,,,,,
Utiliser l’authentification à deux facteurs (2FA),Google Authentificator,https://support.google.com/accounts/answer/1066447?visit_id=0-636265708011731329-3247248277&hl=fr&rd=1,outil,,,,,,,,,,,
Utiliser l’authentification à deux facteurs (2FA),Free OTP,https://freeotp.github.io/,outil,,,,,,,,,,,
Verrouiller,Offline,,titre,"Caractéristiques ou fonctionnalités mises en avant : protéger d’un accès non autorisé sans logiciel, protéger des éléments matériels, protéger des regards indiscrets",,,,,,,,,,
Offline,Pochette anti onde,,outil,,,,,,,Payant,,,,
Offline,Cache caméra,,outil,,,,,,,Payant,,,,
Offline,Cache micro,,outil,,,,,,,Payant,,,,
Offline,Filtre de confidentialité pour écran,,outil,,,,,,,Payant,,,,
Outils et pratiques Privacy par LINC,Contrôler,,titre,,,,,,,,,,,
Contrôler,Auditer le respect de la vie privée,,titre,"Caractéristiques ou fonctionnalités mises en avant : évaluer le niveau de protection annoncé dans les CGU des services, évaluer le respect de la vie privée par les services utilisés, visualiser les autorisations",,,,,,,,,,
Auditer le respect de la vie privée,My Permissions,,outil,,,,,,,,,,,
Auditer le respect de la vie privée,Cookie Viz,,outil,,,,,,,Gratuit,,,,
Auditer le respect de la vie privée,Exodus Privacy,,outil,,,,,,,Gratuit,,,,
Auditer le respect de la vie privée,TOSDR extension,https://tosdr.org/en/downloads,outil,Résume et note les politiques de confidentialité des sites parcourus,,,,,,,,,,
Auditer le respect de la vie privée,TOSDR - Terms Of Services Didn't Read,,outil,,,,,,,Gratuit,,,,
Auditer le respect de la vie privée,OONI Probe,https://ooni.org,outil,,,,,,,Gratuit,Libre,"Windows, macOS, Android, iPhone",,
Auditer le respect de la vie privée,about:protections,about:protections,outil,Visualisation des traqueurs bloqués par Firefox,,,,,,,,,,
Contrôler,Agir sur ses données,,titre,"Caractéristiques ou fonctionnalités mises en avant : outiller la portabilité, gérer ses consentements, relocaliser ses données personnelles, supprimer des accès et des comptes, surveiller les risques de sécurité",,,,,,,,,,
Agir sur ses données,Effectuer une veille sur son nom (par des requêtes),,pratique,,,,,,,,,,,
Agir sur ses données,Surveiller son déréférencement,,pratique,,,,,,,,,,,
Agir sur ses données,Envoyer un courier ou un mail  pour exercer ses droits,,pratique,,,,,,,,,,,
Agir sur ses données,Adresser une plainte à la CNIL,,pratique,,,,,,,,,,,
Agir sur ses données,Désactiver ou supprimer son identifiant publicitaire,https://support.google.com/googleplay/answer/3405269,pratique,,,,,,,,,Android,,
Agir sur ses données,Désactiver la localisation et autres permissions  des applications n'en ayant pas besoin,,pratique,,,,,,,,,,,
Agir sur ses données,Consulter son activité Google,https://myaccount.google.com/intro/activitycontrols,outil,,,,,,,,,,,
Agir sur ses données,Firefox Monitor,https://monitor.firefox.com/,outil,Permet de verifier si une fuite de données connue contient notre adresse mail,,,,,,,,,,
Agir sur ses données,Commandes relatives à l’activité Google,https://myactivity.google.com/more-activity?continue=https%3A%2F%2Fmyactivity.google.com%2Fmyactivity%3Futm_source%3Dmy-activity,outil,,,,,,,,,,,
Agir sur ses données,Désactiver la personnalisation Google avec les données partagées,https://support.google.com/android/answer/11201475?hl=fr,pratique,,,,,,,,,Android,,
Outils et pratiques Privacy par LINC,Comprendre,,titre,,,,,,,,,,,
Comprendre,Le marché des données,,titre,,,,,,,,,,,
Le marché des données,Floodwatch,https://chrome.google.com/webstore/detail/floodwatch/lnnmlfhgefcbnolklnepapefmmobedld,outil,,,,,,,,,,,
Le marché des données,FDVT - Facebook Data Valuation Tool,https://fdvt.org/,outil,,,,,,,,,,,
Comprendre,Les outils de tracking,,titre,Caractéristiques ou fonctionnalités mises en avant : comprendre le tracking et la réidentification en ligne pour agir,,,,,,,,,,
Les outils de tracking,Priceton Web Census,https://webtransparency.cs.princeton.edu/webcensus/,outil,,,,,,,,,,,
Les outils de tracking,CoverYourTracks,https://coveryourtracks.eff.org/,outil,,,,,,,,,,,
Outils et pratiques Privacy par LINC,Travailler,,titre,,,,,,,,,,,
Travailler,Partager un fichier au travail,,titre,"Caractéristiques ou fonctionnalités mises en avant : chiffrer l'envoi de document, définir la durée de conservation en ligne du fichier",,,,,,,,,,
Partager un fichier au travail,Effacer les métadonnées Exif avant de partager une image,,pratique,,,,,,,,,,,
Partager un fichier au travail,Lufi,,outil,Partage temporaire de fichiers,,,,,,,,,"We Transfer, Dropbox",
Partager un fichier au travail,PrivateBin,,outil,Partage temporaire de texte,,,,,,,,,Pastebin,
Partager un fichier au travail,Services des CHATONS,https://alt.framasoft.org/fr/framadrop,outil,,,,,,,,,,,
Partager un fichier au travail,FileZilla,https://filezilla-project.org/,outil,Client FTP,,,,,,Gratuit,Libre,"GNU/Linux, Windows, macOS",,
Partager un fichier au travail,Scrambled-exif,https://gitlab.com/juanitobananas/scrambled-exif,outil,Enleve les metadata exif avant le partage d’une image,,,,,,Gratuit,Libre,Android,,
Travailler,Travailler à plusieurs sur des documents,,titre,"Caractéristiques ou fonctionnalités mises en avant : garder le contrôle sur ses données, chiffrer les documents",,,,,,,,,,
Travailler à plusieurs sur des documents,Etherpad,http://etherpad.org/,outil,,,,,,,,,,"Google Docs, Microsoft Office",
Travailler à plusieurs sur des documents,Framapad,https://framapad.org/,outil,,,,,,,,,,"Google Docs, Microsoft Office",
Travailler à plusieurs sur des documents,Cryptpad,https://cryptpad.fr/,outil,,,,,,,,,,"Google Docs, Microsoft Office",
Travailler à plusieurs sur des documents,Mediawiki,https://www.mediawiki.org/wiki/MediaWiki,outil,,,,,,,,,,,
Travailler à plusieurs sur des documents,CodiMD,https://codimd.math.cnrs.fr/,outil,Ecriture collaborative en Markdown,,,,,,,,,,
Travailler,Travailler seul sur des documents,,titre,"Caractéristiques ou fonctionnalités mises en avant : garder le contrôle sur ses données, travailler en local sans connexion, chiffrer les documents",,,,,,,,,,
Travailler seul sur des documents,PDF Libreon,https://pdf.libreon.fr/,outil,Signature de PDF en ligne,,,,,,,,,Adobe Acrobat Reader,
Travailler seul sur des documents,MuPDF,https://mupdf.com/,outil,,,,,,,Gratuit,Libre,"GNU/Linux, Windows,Android, iPhone, iPad",,
Travailler seul sur des documents,OpenScan,https://github.com/Ethereal-Developers-Inc/OpenScan,outil,,,,,,,,,Android,Evernote,
Travailler seul sur des documents,NAPS2,https://www.naps2.com/,outil,Scan de document vers PDF et autres formats,,,,,,,,"GNU/Linux, Windows",,
Travailler seul sur des documents,Appflowy,https://www.appflowy.io,outil,,,,,,,Gratuit,,,Notion,
Travailler seul sur des documents,PDFsam Basic,https://pdfsam.org/pdfsam-basic/,outil,Manipulations diverses de PDF,,,,,,,,,Adobe Acrobat Reader,
Travailler seul sur des documents,Sumatra PDF,https://www.sumatrapdfreader.org/free-pdf-reader,outil,"Lecteur de PDF, eBook, ePub… pour Windows",,,,,,,,,Adobe Acrobat Reader,
Travailler seul sur des documents,Notepad++,https://notepad-plus-plus.org/,outil,Prise de notes et développement,,,,,,,,,,
Travailler seul sur des documents,GNU Emacs,https://www.gnu.org/software/emacs/,outil,,,,,,,,,,,
Travailler seul sur des documents,VSCodium,https://vscodium.com/,outil,Environnement de développement,,,,,,Gratuit,Libre,"GNU/Linux, Windows, macOS",Visual Studio Code,
Travailler seul sur des documents,Standard Note,https://standardnotes.com/,outil,"Notes chiffrées, verouillées par mot de passe et synchronisables sur smartphone et ordinateur. La version basique ne propose que du texte brut mais les versions payantes permettent d'écrire en Markdown nottament. Réduction de 30% pour les étudiants.",,,,,,Freemium,Libre,"GNU/Linux, Windows, macOS, Android, iOS, Navigateur",,
Travailler seul sur des documents,Joplin,https://joplinapp.org/,outil,,,,,,,,,,,
Travailler seul sur des documents,Spip,https://www.spip.net/fr_rubrique91.html,outil,"Système de publication pour site web fondé sur la création collective, multilingue et facile",,,,,,"Gratuit, Libre, ",,,,
Travailler,Planifier au travail,,titre,,,,,,,,,,,
Planifier au travail,YunoHost,https://yunohost.org/#/,outil,Système d'exploitation pour l'administration d'un serveur auto hebergé,,,,,,,,,,
Planifier au travail,Vikunja,https://vikunja.io/,outil,Application d'organisation avec tâches et tableau kanban de manière collaborative pour la version cloud ou à installer,,,,,,Gratuit,Libre,"GNU/Linux, Windows, macOS","Trello, Monday.com",
Planifier au travail,Nullboard,https://github.com/apankrat/nullboard,outil,"Tableau Kanban et manager de tâches minimaliste, léger et facile à prendre en main, dans un unique fichier HTML",,,,,,Gratuit,Libre,"GNU/Linux, Windows, macOS","Trello, Monday.com",
Planifier au travail,Focalboard,https://www.focalboard.com/,outil,Tableau Kanban et manager de tâches complet collaboratif pour la version cloud ,,,,,,,,,"Trello, Monday.com",
Travailler,Cartographier,,titre,Caractéristiques ou fonctionnalités mises en avant : contribuer à la création de données ouvertes utilisées par des applications respectueuses de la vie privée,,,,,,,,,,
Cartographier,Open Street Map,http://www.openstreetmap.org/,outil,,,,,,,Gratuit,,,,
Travailler,Cartographier (heuristique),,titre,,,,,,,,,,,
Cartographier (heuristique),Framindmap,https://framindmap.org/,outil,,,,,,,Gratuit,,,,
Cartographier (heuristique),FreeMind,http://freemind.sourceforge.net/,outil,,,,,,,Gratuit,,,,
Cartographier (heuristique),Drawio,https://www.diagrams.net/,outil,,,,,,,,,,,
Cartographier (heuristique),IS Designer,https://www.isdesigner.org/,outil,Modélisation graphique et collaborative de diagrammes représentant des systèmes d'information,,,,,,Gratuit,Libre,"GNU/Linux, Windows, macOS",,
Travailler,Organiser une réunion,,titre,,,,,,,,,,,
Organiser une réunion,Framadate,https://framadate.org/,outil,,,,,,,Gratuit,,,,
Organiser une réunion,Jitsi meet,https://jitsi.org/,outil,Visioconférence,,,,,,,,,Zoom,
Travailler,Prendre des inscriptions,,titre,,,,,,,,,,,
Prendre des inscriptions,Framaform,https://framaforms.org/,outil,,,,,,,Gratuit,,,,
Travailler,Créer,,titre,"Caractéristiques ou fonctionnalités mises en avant : travailler ou créer hors connexion, travailler et créer sans compte utilisateur",,,,,,,,,,
Créer,Avidemux2,https://github.com/mean00/avidemux2,outil,Edition simple de videos,,,,,,,,,,
Créer,Audacity,https://audacity.fr/,outil,,,,,,,,,,,
Créer,Openshot,https://www.openshot.org/,outil,Edition de vidéos,,,,,,,,,,
Créer,OBS Studio,https://obsproject.com/,outil,Enregistrement vidéo et streaming en direct,,,,,,,,,,
Créer,Scribus,https://www.scribus.net/,outil,Publication assistée par ordinateur Libre,,,,,,Gratuit,Libre,"GNU/Linux, Windows, macOS",Adobe InDesign,
Créer,VLC,https://www.videolan.org/vlc/,outil,"Lecteur multimédia et système capable de lire la plupart des fichiers multimédia (MP3, MP4, WAV, DVD…)",,,,,,Gratuit,Libre,"GNU/linux, Windows, macOS, Android, iOS",Lecteur Windows Media,
Créer,GIMP,https://www.gimp.org/,outil,Editeur d'images matricielles (et vectorielles ?),,,,,,Gratuit,Libre,"GNU/linux, Windows, macOS, Android, iOS",Adobe Photoshop,
Créer,Synfig Studio,https://www.synfig.org/,outil,Animation 2D d'images matricielles ou svg grace au rigging,,,,,,Gratuit,Libre,"GNU/linux, Windows, macOS, Android, iOS",,
Outils et pratiques Privacy par LINC,Vivre au quotidien,,titre,,,,,,,,,,,
Vivre au quotidien,Planifier,,titre,,,,,,,,,,,
Planifier,Framadate,https://framadate.org/,outil,,,,,,,Gratuit,,,,
Planifier,Jitsi meet,https://jitsi.org/,outil,Visioconférence,,,,,,,,,Zoom,
Planifier,Etar,https://github.com/Etar-Group/Etar-Calendar,outil,calendrier smartphone,,,,,,Gratuit,Libre,Android,Google Agenda,
Planifier,Framaform,https://framaforms.org/,outil,,,,,,,Gratuit,,,,
Planifier,Simple Calendar Pro,https://github.com/SimpleMobileTools/Simple-Calendar,outil,calendrier smartphone,,,,,,Gratuit,Libre,Android,Google Agenda,
Planifier,Open Tasks,https://opentasks.app/,outil,task manager et todo list,,,,,,Gratuit,Libre,Android,Google Tasks,
Planifier,Orgzly,www.orgzly.com,outil,task manager et todo list,,,,,,Gratuit,Libre,Android,Google Tasks,
Planifier,My Life Capsule,https://mylifecapsule.com/,outil,Gestion de l'organisation personnelle et familiale,,,,,,,,,,
Vivre au quotidien,Se déplacer,,titre,,,,,,,,,,,
Se déplacer,OsmAnd,https://osmand.net/,outil,Appli de maps basé sur OSM,,,,,,Gratuit,Libre,Android,Google Maps,
Se déplacer,Qwant Maps,https://www.qwant.com/maps,outil,,,,,,,Gratuit,Propriétaire,Navigateur,Google Maps,
Se déplacer,Organic Maps,https://organicmaps.app/,outil,,,,,,,Gratuit,Libre,Android,Google Maps,
Vivre au quotidien,Se divertir,,titre,,,,,,,,,,,
Se divertir,NewPipe,https://newpipe.net/,outil,"Client Youtube, Soundcloud etc",,,,,,Gratuit,Libre,Android,Youtube,
Outils et pratiques Privacy par LINC,Autre,,titre,,,,,,,,,,,
Autre,Services chapril,https://www.chapril.org/-services-.html,outil,,,,,,,,,,,
Autre,NVDA,https://www.nvaccess.org/download/,outil,Lecteur d'écran Libre,,,,,,,,,,
Autre,Riseup VPN,https://f-droid.org/en/packages/se.leap.riseupvpn/,outil,,,,,,,,,,,
Autre,Orbot,https://play.google.com/store/apps/details?id=org.torproject.android&hl=fr&gl=FR,outil,Permet à d'autres applis d'utiliser Internet par Tor ?,,,,,,,,,,
Autre,Greenshot,https://getgreenshot.org/,outil,"Outil de capture d'écran avec sélection de format, modifications, annotations et export variés",,,,,,"Gratuit, Libre, Windows",,,,
Autre,Services variés des chatons,https://entraide.chatons.org/fr/,outil,,,,,,,,,,,
Autre,Décocher la personnalisation publicitaire ou de contenu dans les paramètres des applications,,pratique,,,,,,,,,,,
Autre,Bien fermer les applications après utilisation sur smartphone,,pratique,"Techniquement, une application non fermée a toujours le pouvoir de tourner en tâche de fond, ce qui n'est pas le cas quand elle est compl^tement fermée",,,,,,,,,,
Autre,Déconnectez vous de Google et de Facebook,,pratique,"Utiliser Chrome en étant connecté à son compte Google, s'inscrire sur un site via Facebook laisse la possibilité à ces entreprises de mieux suivre vos agissements en ligne.",,,,,,,,,,
Autre,N'utilisez pas de réseau wifi public pour vous connecter sur un service,,pratique,Pourquoi ? Est-ce un pb aussi en https ?,,,,,,,,,,
Autre,Eviter le pishing etc,,pratique,,,,,,,,,,,
Autre,Evitez d'enregistrer votre carte bancaire sur un service,,pratique,,,,,,,,,,,
Autre,L'adresse mail de récupération peut être utilisée pour identifier qqn ,,pratique,,,,,,,,,,,
Autre,Sélectionner les données que Google collecte,,pratique,,,,,,,,,,,
Autre,agenda du libre ,,outil,pour trouver des install party,,,,,,,,,,
Autre,Désactiver la sauvegarde Google One ?,,pratique,,,,,,,,,,,
Autre,Protéger son téléphone en cas de perte ou de vol ?,,pratique,,,,,,,,,,,
Autre,Ardour,https://ardour.org/,outil,,,,,,,,,,,
Autre,"Sélectionnez Démarrer > Paramètres > Confidentialité , puis désactivez le paramètre pour Laissez les applications utiliser l’identifiant de publicité, pour vous proposer des publicités plus intéressantes basées sur l’activité de vos applications..",,pratique,,,,,,,,,,,
Autre,Catima,https://catima.app/,outil,,,,,,,Gratuit,Libre,Android,,
Autre,Ne pas repousser les mises à jour,,pratique,,,,,,,,,,,
